{"cameraMode":{"drawMode":0,"name":"Shaded","section":"Shading Mode"},"sceneLighting":false,"audioPlay":false,"sceneViewState":{"showFog":true,"showMaterialUpdate":false,"showSkybox":true,"showFlares":true,"showImageEffects":true,"showParticleSystems":true},"in2DMode":false,"pivot":{"x":5.530415058135986,"y":0.6120005249977112,"z":-5.822668075561523},"rotation":{"x":0.27547046542167666,"y":-0.45743802189826968,"z":0.1514902412891388,"w":0.8318156599998474},"size":4.05539608001709,"orthographic":false}