{"cameraMode":{"drawMode":0,"name":"Shaded","section":"Shading Mode"},"sceneLighting":false,"audioPlay":false,"sceneViewState":{"showFog":true,"showMaterialUpdate":false,"showSkybox":true,"showFlares":true,"showImageEffects":true,"showParticleSystems":true},"in2DMode":false,"pivot":{"x":43.7460823059082,"y":4.154535293579102,"z":34.65849685668945},"rotation":{"x":-0.062490563839673999,"y":-0.8607022166252136,"z":0.10902435332536698,"w":-0.4933563470840454},"size":29.99791145324707,"orthographic":false}