{"cameraMode":{"drawMode":0,"name":"Shaded","section":"Shading Mode"},"sceneLighting":false,"audioPlay":false,"sceneViewState":{"showFog":true,"showMaterialUpdate":false,"showSkybox":true,"showFlares":true,"showImageEffects":true,"showParticleSystems":true},"in2DMode":false,"pivot":{"x":-0.14328554272651673,"y":1.6318525075912476,"z":-5.960464477539063e-8},"rotation":{"x":0.012368597090244294,"y":0.9870967268943787,"z":-0.1280469447374344,"w":0.09534720331430435},"size":8.883722305297852,"orthographic":false}