{"cameraMode":{"drawMode":0,"name":"Shaded","section":"Shading Mode"},"sceneLighting":false,"audioPlay":false,"sceneViewState":{"showFog":true,"showMaterialUpdate":false,"showSkybox":true,"showFlares":true,"showImageEffects":true,"showParticleSystems":true},"in2DMode":false,"pivot":{"x":-0.8470858335494995,"y":1.2497221231460572,"z":-3.8743019104003908e-7},"rotation":{"x":0.00687365373596549,"y":0.9904974102973938,"z":-0.12637151777744294,"w":0.05383246764540672},"size":6.214742183685303,"orthographic":false}