{"cameraMode":{"drawMode":0,"name":"Shaded","section":"Shading Mode"},"sceneLighting":false,"audioPlay":false,"sceneViewState":{"showFog":true,"showMaterialUpdate":false,"showSkybox":true,"showFlares":true,"showImageEffects":true,"showParticleSystems":true},"in2DMode":false,"pivot":{"x":53.67240524291992,"y":0.7729257345199585,"z":26.082687377929689},"rotation":{"x":0.008928442373871804,"y":-0.12536707520484925,"z":0.00112812384031713,"w":0.9920696020126343},"size":10.450786590576172,"orthographic":false}