{"cameraMode":{"drawMode":0,"name":"Shaded","section":"Shading Mode"},"sceneLighting":false,"audioPlay":false,"sceneViewState":{"showFog":true,"showMaterialUpdate":false,"showSkybox":true,"showFlares":true,"showImageEffects":true,"showParticleSystems":true},"in2DMode":false,"pivot":{"x":39.619384765625,"y":2.2646708488464357,"z":-14.265117645263672},"rotation":{"x":-0.2622658908367157,"y":-0.5448878407478333,"z":0.18445129692554475,"w":-0.7747849225997925},"size":7.10524320602417,"orthographic":false}