{"cameraMode":{"drawMode":0,"name":"Shaded","section":"Shading Mode"},"sceneLighting":false,"audioPlay":false,"sceneViewState":{"showFog":true,"showMaterialUpdate":false,"showSkybox":true,"showFlares":true,"showImageEffects":true,"showParticleSystems":true},"in2DMode":false,"pivot":{"x":86.68489837646485,"y":0.003902614116668701,"z":-73.02995300292969},"rotation":{"x":0.012767425738275051,"y":0.9833193421363831,"z":-0.07625886797904968,"w":0.16463471949100495},"size":2.7196531295776369,"orthographic":false}