{"cameraMode":{"drawMode":0,"name":"Shaded","section":"Shading Mode"},"sceneLighting":false,"audioPlay":false,"sceneViewState":{"showFog":true,"showMaterialUpdate":false,"showSkybox":true,"showFlares":true,"showImageEffects":true,"showParticleSystems":true},"in2DMode":false,"pivot":{"x":0.003779992461204529,"y":-0.013636108487844468,"z":-0.04235409200191498},"rotation":{"x":-0.05823417752981186,"y":0.932523787021637,"z":-0.31067147850990298,"w":-0.17461788654327393},"size":0.14768747985363007,"orthographic":false}