{"cameraMode":{"drawMode":0,"name":"Shaded","section":"Shading Mode"},"sceneLighting":false,"audioPlay":false,"sceneViewState":{"showFog":true,"showMaterialUpdate":false,"showSkybox":true,"showFlares":true,"showImageEffects":true,"showParticleSystems":true},"in2DMode":false,"pivot":{"x":-0.17194265127182008,"y":1.8582230806350709,"z":-1.1920928955078126e-7},"rotation":{"x":-0.0675635114312172,"y":-0.8157985210418701,"z":0.09737484902143479,"w":-0.5660620331764221},"size":7.229650974273682,"orthographic":false}