{"cameraMode":{"drawMode":0,"name":"Shaded","section":"Shading Mode"},"sceneLighting":false,"audioPlay":false,"sceneViewState":{"showFog":true,"showMaterialUpdate":false,"showSkybox":true,"showFlares":true,"showImageEffects":true,"showParticleSystems":true},"in2DMode":false,"pivot":{"x":48.560001373291019,"y":2.150278329849243,"z":28.56999969482422},"rotation":{"x":-0.2012931853532791,"y":-0.5375288724899292,"z":0.13393822312355042,"w":-0.8078393936157227},"size":4.784102916717529,"orthographic":false}