{"cameraMode":{"drawMode":0,"name":"Shaded","section":"Shading Mode"},"sceneLighting":false,"audioPlay":false,"sceneViewState":{"showFog":true,"showMaterialUpdate":false,"showSkybox":true,"showFlares":true,"showImageEffects":true,"showParticleSystems":true},"in2DMode":false,"pivot":{"x":72.48812866210938,"y":5.138494968414307,"z":37.79258728027344},"rotation":{"x":0.005393791012465954,"y":-0.9935771822929382,"z":0.05400196462869644,"w":0.09929251670837403},"size":22.870441436767579,"orthographic":false}