{"cameraMode":{"drawMode":0,"name":"Shaded","section":"Shading Mode"},"sceneLighting":false,"audioPlay":false,"sceneViewState":{"showFog":true,"showMaterialUpdate":false,"showSkybox":true,"showFlares":true,"showImageEffects":true,"showParticleSystems":true},"in2DMode":false,"pivot":{"x":-235.57318115234376,"y":-71.45210266113281,"z":217.15634155273438},"rotation":{"x":-0.06812549382448197,"y":0.9148481488227844,"z":-0.3578917384147644,"w":-0.17414145171642304},"size":247.328369140625,"orthographic":false}