{"cameraMode":{"drawMode":0,"name":"Shaded","section":"Shading Mode"},"sceneLighting":false,"audioPlay":false,"sceneViewState":{"showFog":true,"showMaterialUpdate":false,"showSkybox":true,"showFlares":true,"showImageEffects":true,"showParticleSystems":true},"in2DMode":false,"pivot":{"x":171.31716918945313,"y":26.20850372314453,"z":-59.01142883300781},"rotation":{"x":-0.09831590950489044,"y":-0.8877565264701843,"z":0.3900753855705261,"w":-0.22374866902828217},"size":68.81924438476563,"orthographic":false}