{"cameraMode":{"drawMode":0,"name":"Shaded","section":"Shading Mode"},"sceneLighting":false,"audioPlay":false,"sceneViewState":{"showFog":true,"showMaterialUpdate":false,"showSkybox":true,"showFlares":true,"showImageEffects":true,"showParticleSystems":true},"in2DMode":false,"pivot":{"x":40.84888458251953,"y":2.700000286102295,"z":-13.729999542236329},"rotation":{"x":0.1901131421327591,"y":0.5268970131874085,"z":-0.12225703150033951,"w":0.8193228244781494},"size":22.76797866821289,"orthographic":false}