{"cameraMode":{"drawMode":0,"name":"Shaded","section":"Shading Mode"},"sceneLighting":false,"audioPlay":false,"sceneViewState":{"showFog":true,"showMaterialUpdate":false,"showSkybox":true,"showFlares":true,"showImageEffects":true,"showParticleSystems":true},"in2DMode":false,"pivot":{"x":79.17950439453125,"y":-35.69196319580078,"z":138.0492401123047},"rotation":{"x":-0.26788637042045596,"y":-0.2103281021118164,"z":0.06002562865614891,"w":-0.9382941126823425},"size":18.661521911621095,"orthographic":false}