{"cameraMode":{"drawMode":0,"name":"Shaded","section":"Shading Mode"},"sceneLighting":false,"audioPlay":false,"sceneViewState":{"showFog":true,"showMaterialUpdate":false,"showSkybox":true,"showFlares":true,"showImageEffects":true,"showParticleSystems":true},"in2DMode":false,"pivot":{"x":55.05810546875,"y":2.476736068725586,"z":42.842769622802737},"rotation":{"x":0.06313418596982956,"y":-0.9269410371780396,"z":0.1816319078207016,"w":0.3221866190433502},"size":23.300594329833986,"orthographic":false}