{"cameraMode":{"drawMode":0,"name":"Shaded","section":"Shading Mode"},"sceneLighting":false,"audioPlay":false,"sceneViewState":{"showFog":true,"showMaterialUpdate":false,"showSkybox":true,"showFlares":true,"showImageEffects":true,"showParticleSystems":true},"in2DMode":false,"pivot":{"x":46.903114318847659,"y":5.709471225738525,"z":36.82536697387695},"rotation":{"x":0.2448916733264923,"y":-0.05405518040060997,"z":0.013677424751222134,"w":0.9679458141326904},"size":150.95828247070313,"orthographic":false}