{"cameraMode":{"drawMode":0,"name":"Shaded","section":"Shading Mode"},"sceneLighting":false,"audioPlay":false,"sceneViewState":{"showFog":true,"showMaterialUpdate":false,"showSkybox":true,"showFlares":true,"showImageEffects":true,"showParticleSystems":true},"in2DMode":false,"pivot":{"x":46.39053726196289,"y":-3.0992915630340578,"z":-9.584769248962403},"rotation":{"x":-0.19281144440174104,"y":-0.590133786201477,"z":0.14780011773109437,"w":-0.7698837518692017},"size":40.09443664550781,"orthographic":false}