{"cameraMode":{"drawMode":0,"name":"Shaded","section":"Shading Mode"},"sceneLighting":false,"audioPlay":false,"sceneViewState":{"showFog":true,"showMaterialUpdate":false,"showSkybox":true,"showFlares":true,"showImageEffects":true,"showParticleSystems":true},"in2DMode":false,"pivot":{"x":44.540000915527347,"y":7.629999160766602,"z":40.08000183105469},"rotation":{"x":0.00022403322509489954,"y":0.9921084642410278,"z":-0.12537014484405518,"w":0.0017569911433383823},"size":6.437465667724609,"orthographic":false}