{"cameraMode":{"drawMode":0,"name":"Shaded","section":"Shading Mode"},"sceneLighting":false,"audioPlay":false,"sceneViewState":{"showFog":true,"showMaterialUpdate":false,"showSkybox":true,"showFlares":true,"showImageEffects":true,"showParticleSystems":true},"in2DMode":false,"pivot":{"x":90.67648315429688,"y":5.429882049560547,"z":218.10372924804688},"rotation":{"x":-0.25828972458839419,"y":0.23214976489543916,"z":-0.06421563029289246,"w":-0.9355582594871521},"size":39.21482849121094,"orthographic":false}