{"cameraMode":{"drawMode":0,"name":"Shaded","section":"Shading Mode"},"sceneLighting":false,"audioPlay":false,"sceneViewState":{"showFog":true,"showMaterialUpdate":false,"showSkybox":true,"showFlares":true,"showImageEffects":true,"showParticleSystems":true},"in2DMode":false,"pivot":{"x":79.5474624633789,"y":-32.69874572753906,"z":134.7742462158203},"rotation":{"x":0.21049803495407105,"y":-0.08958926796913147,"z":0.01941668428480625,"w":0.9732869267463684},"size":21.0451602935791,"orthographic":false}