{"cameraMode":{"drawMode":0,"name":"Shaded","section":"Shading Mode"},"sceneLighting":true,"audioPlay":false,"sceneViewState":{"showFog":true,"showMaterialUpdate":false,"showSkybox":true,"showFlares":true,"showImageEffects":true,"showParticleSystems":true},"in2DMode":false,"pivot":{"x":-57.623905181884769,"y":12.074347496032715,"z":-11.80810546875},"rotation":{"x":-0.07338684052228928,"y":0.8109638094902039,"z":-0.10421571880578995,"w":-0.5710439085960388},"size":103.73954772949219,"orthographic":false}