{"cameraMode":{"drawMode":0,"name":"Shaded","section":"Shading Mode"},"sceneLighting":false,"audioPlay":false,"sceneViewState":{"showFog":true,"showMaterialUpdate":false,"showSkybox":true,"showFlares":true,"showImageEffects":true,"showParticleSystems":true},"in2DMode":false,"pivot":{"x":66.90743255615235,"y":10.48120403289795,"z":109.58234405517578},"rotation":{"x":0.13597550988197328,"y":-0.8515079617500305,"z":0.42815518379211428,"w":0.2704218626022339},"size":180.29592895507813,"orthographic":false}