{"cameraMode":{"drawMode":0,"name":"Shaded","section":"Shading Mode"},"sceneLighting":false,"audioPlay":false,"sceneViewState":{"showFog":true,"showMaterialUpdate":false,"showSkybox":true,"showFlares":true,"showImageEffects":true,"showParticleSystems":true},"in2DMode":false,"pivot":{"x":85.0478515625,"y":0.014588117599487305,"z":-73.06526184082031},"rotation":{"x":0.09896907955408097,"y":0.6182501912117004,"z":-0.07887851446866989,"w":0.7757254838943481},"size":1.7260851860046387,"orthographic":false}