{"cameraMode":{"drawMode":0,"name":"Shaded","section":"Shading Mode"},"sceneLighting":false,"audioPlay":false,"sceneViewState":{"showFog":true,"showMaterialUpdate":false,"showSkybox":true,"showFlares":true,"showImageEffects":true,"showParticleSystems":true},"in2DMode":false,"pivot":{"x":-1.0589097738265992,"y":1.329146385192871,"z":0.031095070764422418},"rotation":{"x":-0.000057490859035169706,"y":0.9997226595878601,"z":-0.023396404460072519,"w":-0.002703065052628517},"size":4.628335475921631,"orthographic":false}