{"cameraMode":{"drawMode":0,"name":"Shaded","section":"Shading Mode"},"sceneLighting":false,"audioPlay":false,"sceneViewState":{"showFog":true,"showMaterialUpdate":false,"showSkybox":true,"showFlares":true,"showImageEffects":true,"showParticleSystems":true},"in2DMode":false,"pivot":{"x":50.515869140625,"y":1.7352145910263062,"z":23.649999618530275},"rotation":{"x":0.387556791305542,"y":0.12632273137569428,"z":-0.053699128329753879,"w":0.9115694165229797},"size":7.70477819442749,"orthographic":false}