{"cameraMode":{"drawMode":0,"name":"Shaded","section":"Shading Mode"},"sceneLighting":false,"audioPlay":false,"sceneViewState":{"showFog":true,"showMaterialUpdate":false,"showSkybox":true,"showFlares":true,"showImageEffects":true,"showParticleSystems":true},"in2DMode":false,"pivot":{"x":47.16411209106445,"y":1.0717506408691407,"z":27.86284828186035},"rotation":{"x":-0.0470326766371727,"y":0.7059509754180908,"z":-0.04708719626069069,"w":-0.7051268815994263},"size":9.86652946472168,"orthographic":false}