{"cameraMode":{"drawMode":0,"name":"Shaded","section":"Shading Mode"},"sceneLighting":false,"audioPlay":false,"sceneViewState":{"showFog":true,"showMaterialUpdate":false,"showSkybox":true,"showFlares":true,"showImageEffects":true,"showParticleSystems":true},"in2DMode":false,"pivot":{"x":30.122957229614259,"y":25.750205993652345,"z":-77.43587493896485},"rotation":{"x":0.301244854927063,"y":-0.0031460258178412916,"z":0.0010069308336824179,"w":0.953541100025177},"size":61.62002944946289,"orthographic":false}