{"cameraMode":{"drawMode":0,"name":"Shaded","section":"Shading Mode"},"sceneLighting":false,"audioPlay":false,"sceneViewState":{"showFog":true,"showMaterialUpdate":false,"showSkybox":true,"showFlares":true,"showImageEffects":true,"showParticleSystems":true},"in2DMode":false,"pivot":{"x":-2.3362128734588625,"y":-34.00957107543945,"z":67.52876281738281},"rotation":{"x":0.06558927893638611,"y":-0.5994101166725159,"z":0.04939209297299385,"w":0.7962197661399841},"size":3.2465221881866457,"orthographic":false}