{"cameraMode":{"drawMode":0,"name":"Shaded","section":"Shading Mode"},"sceneLighting":false,"audioPlay":false,"sceneViewState":{"showFog":true,"showMaterialUpdate":false,"showSkybox":true,"showFlares":true,"showImageEffects":true,"showParticleSystems":true},"in2DMode":false,"pivot":{"x":-2.700000047683716,"y":-33.492698669433597,"z":63.90270233154297},"rotation":{"x":0.15902265906333924,"y":0.7964874505996704,"z":-0.23777024447917939,"w":0.5327147841453552},"size":7.364071846008301,"orthographic":false}