{"cameraMode":{"drawMode":0,"name":"Shaded","section":"Shading Mode"},"sceneLighting":false,"audioPlay":false,"sceneViewState":{"showFog":true,"showMaterialUpdate":false,"showSkybox":true,"showFlares":true,"showImageEffects":true,"showParticleSystems":true},"in2DMode":false,"pivot":{"x":107.53742980957031,"y":1.4410922527313233,"z":411.8999938964844},"rotation":{"x":0.1422991007566452,"y":-0.432941198348999,"z":0.06942373514175415,"w":0.8874081969261169},"size":2.8578836917877199,"orthographic":false}