{"cameraMode":{"drawMode":0,"name":"Shaded","section":"Shading Mode"},"sceneLighting":false,"audioPlay":false,"sceneViewState":{"showFog":true,"showMaterialUpdate":false,"showSkybox":true,"showFlares":true,"showImageEffects":true,"showParticleSystems":true},"in2DMode":false,"pivot":{"x":40.29999923706055,"y":2.2300000190734865,"z":-9.930000305175782},"rotation":{"x":-0.18852131068706513,"y":-0.6118326783180237,"z":0.15323448181152345,"w":-0.752754807472229},"size":11.602046012878418,"orthographic":false}