{"cameraMode":{"drawMode":0,"name":"Shaded","section":"Shading Mode"},"sceneLighting":false,"audioPlay":false,"sceneViewState":{"showFog":true,"showMaterialUpdate":false,"showSkybox":true,"showFlares":true,"showImageEffects":true,"showParticleSystems":true},"in2DMode":false,"pivot":{"x":-61.85027313232422,"y":150.67529296875,"z":-107.48768615722656},"rotation":{"x":0.2747746706008911,"y":0.5118931531906128,"z":-0.17705777287483216,"w":0.7944273948669434},"size":179.12962341308595,"orthographic":false}