{"cameraMode":{"drawMode":0,"name":"Shaded","section":"Shading Mode"},"sceneLighting":false,"audioPlay":false,"sceneViewState":{"showFog":true,"showMaterialUpdate":false,"showSkybox":true,"showFlares":true,"showImageEffects":true,"showParticleSystems":true},"in2DMode":false,"pivot":{"x":45.8619384765625,"y":-1.1699999570846558,"z":26.15685272216797},"rotation":{"x":0.011479699984192849,"y":0.7299376130104065,"z":0.012262288480997086,"w":-0.6833073496818543},"size":1.959556221961975,"orthographic":false}