{"cameraMode":{"drawMode":0,"name":"Shaded","section":"Shading Mode"},"sceneLighting":false,"audioPlay":false,"sceneViewState":{"showFog":true,"showMaterialUpdate":false,"showSkybox":true,"showFlares":true,"showImageEffects":true,"showParticleSystems":true},"in2DMode":false,"pivot":{"x":82.9000015258789,"y":53.900001525878909,"z":-34.599998474121097},"rotation":{"x":0.380521684885025,"y":0.2385028898715973,"z":-0.10224656015634537,"w":0.8876177668571472},"size":52.81818389892578,"orthographic":false}