{"cameraMode":{"drawMode":0,"name":"Shaded","section":"Shading Mode"},"sceneLighting":false,"audioPlay":false,"sceneViewState":{"showFog":true,"showMaterialUpdate":false,"showSkybox":true,"showFlares":true,"showImageEffects":true,"showParticleSystems":true},"in2DMode":false,"pivot":{"x":69.6341323852539,"y":2.110912322998047,"z":-9.990840911865235},"rotation":{"x":0.13358305394649507,"y":-0.3519718050956726,"z":0.05080978572368622,"w":0.9250351190567017},"size":7.29852294921875,"orthographic":false}