{"cameraMode":{"drawMode":0,"name":"Shaded","section":"Shading Mode"},"sceneLighting":false,"audioPlay":false,"sceneViewState":{"showFog":true,"showMaterialUpdate":false,"showSkybox":true,"showFlares":true,"showImageEffects":true,"showParticleSystems":true},"in2DMode":false,"pivot":{"x":0.0,"y":0.9720637798309326,"z":-0.05740821361541748},"rotation":{"x":0.23753555119037629,"y":0.5864400267601013,"z":-0.18529146909713746,"w":0.751885712146759},"size":9.589292526245118,"orthographic":false}