{"cameraMode":{"drawMode":0,"name":"Shaded","section":"Shading Mode"},"sceneLighting":false,"audioPlay":false,"sceneViewState":{"showFog":true,"showMaterialUpdate":false,"showSkybox":true,"showFlares":true,"showImageEffects":true,"showParticleSystems":true},"in2DMode":false,"pivot":{"x":-3.8743019104003908e-7,"y":2.0249998569488527,"z":0.28000134229660036},"rotation":{"x":0.0982557162642479,"y":0.847883403301239,"z":-0.49281129240989687,"w":0.16904649138450623},"size":2.0183334350585939,"orthographic":false}